{
  "version": 1,
  "author": "Anonymous maker",
  "editor": "wokwi",
  "parts": [
    { "type": "wokwi-arduino-mega", "id": "mega", "top": -12.46, "left": -117.96, "attrs": {} },
    {
      "type": "wokwi-hc-sr04",
      "id": "ultrasonic1",
      "top": -276.16,
      "left": 103.76,
      "attrs": { "distance": "2" }
    },
    { "type": "wokwi-lcd1602", "id": "lcd1", "top": -313.02, "left": -230.91, "attrs": {} },
    { "type": "wokwi-servo", "id": "servo1", "top": 196.85, "left": 583.86, "attrs": {} },
    { "type": "wokwi-potentiometer", "id": "pot1", "top": -252.68, "left": -324.83, "attrs": {} },
    {
      "type": "wokwi-membrane-keypad",
      "id": "keypad1",
      "top": -449.08,
      "left": 291.17,
      "attrs": {}
    },
    {
      "type": "wokwi-led",
      "id": "led1",
      "top": 19.77,
      "left": 556.23,
      "attrs": { "color": "red" }
    },
    {
      "type": "wokwi-buzzer",
      "id": "bz1",
      "top": -7.92,
      "left": 478.12,
      "attrs": { "volume": "0.1" }
    },
    {
      "type": "wokwi-pir-motion-sensor",
      "id": "pir1",
      "top": 102.14,
      "left": -413.64,
      "attrs": {}
    },
    {
      "type": "wokwi-led",
      "id": "led2",
      "top": 20.24,
      "left": 596.61,
      "attrs": { "color": "blue" }
    }
  ],
  "connections": [
    [ "lcd1:VSS", "lcd1:RW", "black", [ "v28.59", "h16.74" ] ],
    [ "lcd1:VDD", "lcd1:A", "red", [ "v21.14", "h125" ] ],
    [ "lcd1:VSS", "mega:GND.2", "black", [ "v401.78", "h255.2" ] ],
    [ "lcd1:VDD", "mega:5V", "red", [ "v382.65", "h235.95" ] ],
    [ "servo1:V+", "mega:5V", "red", [ "h-21.8", "v0.06", "h-289.41" ] ],
    [ "ultrasonic1:VCC", "mega:5V", "red", [ "v27.01", "h155.71", "v378.18", "h-284.23" ] ],
    [ "ultrasonic1:GND", "mega:GND.2", "black", [ "v37.55", "h117.53", "v349.73", "h-266.3" ] ],
    [ "servo1:GND", "mega:GND.2", "black", [ "h-24.64", "v-0.28", "h-277.71" ] ],
    [ "pot1:SIG", "lcd1:V0", "green", [ "v52.75", "h-235.4" ] ],
    [ "keypad1:R1", "mega:22", "orange", [ "v0" ] ],
    [ "keypad1:R2", "mega:24", "purple", [ "v0" ] ],
    [ "keypad1:R3", "mega:26", "green", [ "v0" ] ],
    [ "keypad1:R4", "mega:28", "gold", [ "v0" ] ],
    [ "keypad1:C1", "mega:30", "violet", [ "v0" ] ],
    [ "keypad1:C2", "mega:32", "blue", [ "v0" ] ],
    [ "keypad1:C3", "mega:34", "purple", [ "v0" ] ],
    [ "keypad1:C4", "mega:36", "orange", [ "v0" ] ],
    [ "led1:C", "mega:GND.2", "black", [ "v125.08", "h-514.94" ] ],
    [ "bz1:1", "mega:GND.2", "black", [ "v119.54", "h-448.83" ] ],
    [ "pot1:GND", "mega:GND.2", "black", [ "v397.54", "h352.12" ] ],
    [ "pot1:VCC", "mega:5V", "red", [ "v391.17", "h129" ] ],
    [ "bz1:2", "mega:40", "limegreen", [ "v0" ] ],
    [ "led1:A", "mega:38", "cyan", [ "v0" ] ],
    [ "servo1:PWM", "mega:44", "purple", [ "h-99.46", "v-126.54" ] ],
    [ "pir1:VCC", "mega:5V", "red", [ "v101.49", "h424" ] ],
    [ "pir1:GND", "mega:GND.2", "black", [ "v73.87", "h414.29" ] ],
    [ "pir1:OUT", "mega:46", "orange", [ "v88.34", "h582.78", "v-162.19" ] ],
    [ "led2:C", "mega:GND.2", "black", [ "v140.63", "h-60.31" ] ],
    [ "led2:A", "mega:42", "blue", [ "v0" ] ],
    [ "ultrasonic1:TRIG", "mega:5", "cyan", [ "v41.57", "h-47.04" ] ],
    [ "ultrasonic1:ECHO", "mega:6", "#8f4814", [ "v50.95", "h-65.8" ] ],
    [ "lcd1:K", "lcd1:VSS", "black", [ "v29.45", "h-141.65" ] ],
    [ "lcd1:D7", "mega:12", "magenta", [ "v155.16", "h50.45" ] ],
    [ "lcd1:D6", "mega:11", "purple", [ "v146.4", "h-3.21" ] ],
    [ "lcd1:D5", "mega:10", "blue", [ "v133.89", "h50.06" ] ],
    [ "lcd1:D4", "mega:9", "green", [ "v120.76", "h152.45" ] ],
    [ "lcd1:E", "mega:8", "gold", [ "v108.88", "h209.95" ] ],
    [ "lcd1:RS", "mega:7", "orange", [ "v99.5", "h107.05" ] ]
  ],
  "serialMonitor": { "display": "auto", "newline": "lf" },
  "dependencies": {}
}